"ft_id_682","7.1m_6087","1.0"
"ft_id_598","7.1m_623","1.0"
"ft_id_694","7.1m_6023","1.0"
"ft_id_119","7.1m_197","1.0"
"ft_id_759","7.1m_816","1.0"
"ft_id_1736","7.1m_4101","1.0"
"ft_id_1774","7.1m_4165","1.0"
"ft_id_162","7.1m_229","1.0"
"ft_id_252","7.1m_283","1.0"
"ft_id_111","7.1m_163","1.0"
"ft_id_121","7.1m_162","1.0"
"ft_id_1732","7.1m_4151","1.0"
"ft_id_267","7.1m_288","1.0"
"ft_id_230","7.1m_7021","1.0"
"ft_id_300","7.1m_428","1.0"
"ft_id_808","7.1m_844","1.0"
"ft_id_408","7.1m_500","1.0"
"ft_id_112","7.1m_259","1.0"
"ft_id_105","7.1m_203","1.0"
"ft_id_106","7.1m_262","1.0"
"ft_id_117","7.1m_207","1.0"
"ft_id_1354","7.1m_6677","1.0"
"ft_id_122","7.1m_213","1.0"
"ft_id_118","7.1m_220","1.0"
"ft_id_191","7.1m_171","1.0"
"ft_id_591","7.1m_647","1.0"
"ft_id_1551","7.1m_4078","1.0"
"ft_id_485","7.1m_564","1.0"
"ft_id_451","7.1m_559","1.0"
"ft_id_1131","7.1m_6455","1.0"
"ft_id_1369","7.1m_6688","1.0"
"ft_id_214","7.1m_306","1.0"
"ft_id_209","7.1m_312","1.0"
"ft_id_469","7.1m_585","1.0"
"ft_id_62","7.1m_654","1.0"
"ft_id_1052","7.1m_821","1.0"
"ft_id_1898","7.1m_4395","1.0"
"ft_id_224","7.1m_189","1.0"
"ft_id_1714","7.1m_5446","1.0"
"ft_id_258","7.1m_191","1.0"
"ft_id_284","7.1m_205","1.0"
"ft_id_221","7.1m_168","1.0"
"ft_id_187","7.1m_320","1.0"
"ft_id_80","7.1m_6054","1.0"
"ft_id_219","7.1m_232","1.0"
"ft_id_248","7.1m_279","1.0"
"ft_id_839","7.1m_942","1.0"
"ft_id_100","7.1m_344","1.0"
"ft_id_200","7.1m_255","1.0"
"ft_id_1159","7.1m_6591","1.0"
"ft_id_289","7.1m_196","1.0"
"ft_id_1637","7.1m_5503","1.0"
"ft_id_571","7.1m_769","1.0"
"ft_id_227","7.1m_246","1.0"
"ft_id_655","7.1m_684","1.0"
"ft_id_1654","7.1m_6956","1.0"
"ft_id_1173","7.1m_6578","1.0"
"ft_id_1227","7.1m_5071","1.0"
"ft_id_1922","7.1m_5616","1.0"
"ft_id_594","7.1m_793","1.0"
"ft_id_1449","7.1m_5260","1.0"
"ft_id_364","7.1m_576","1.0"
"ft_id_951","7.1m_803","1.0"
"ft_id_381","7.1m_505","1.0"
"ft_id_870","7.1m_6296","1.0"
"ft_id_1212","7.1m_919","1.0"
"ft_id_1224","7.1m_911","1.0"
"ft_id_1924","7.1m_26","1.0"
"ft_id_1922","7.1m_26","1.0"
"ft_id_1273","7.1m_989","1.0"
"ft_id_94","7.1m_434","1.0"
"ft_id_1076","7.1m_6579","1.0"
"ft_id_1155","7.1m_834","1.0"
"ft_id_41","7.1m_7132","1.0"
"ft_id_1229","7.1m_985","1.0"
"ft_id_1922","7.1m_50","1.0"
"ft_id_922","7.1m_5153","1.0"
"ft_id_489","7.1m_6083","1.0"
"ft_id_1361","7.1m_6830","1.0"
"ft_id_546","7.1m_422","1.0"
"ft_id_583","7.1m_458","1.0"
"ft_id_1026","7.1m_5163","1.0"
"ft_id_1340","7.1m_4006","1.0"
"ft_id_551","7.1m_447","1.0"
"ft_id_310","7.1m_693","1.0"
"ft_id_661","7.1m_565","1.0"
"ft_id_500","7.1m_420","1.0"
"ft_id_1530","7.1m_6972","1.0"
"ft_id_204","7.1m_139","1.0"
"ft_id_211","7.1m_145","1.0"
"ft_id_501","7.1m_431","1.0"
"ft_id_202","7.1m_126","1.0"
"ft_id_322","7.1m_642","1.0"
"ft_id_1371","7.1m_5446","1.0"
"ft_id_1536","7.1m_6939","1.0"
"ft_id_55","7.1m_439","1.0"
"ft_id_370","7.1m_699","1.0"
"ft_id_1354","7.1m_4078","1.0"
"ft_id_358","7.1m_688","1.0"
"ft_id_1228","7.1m_806","1.0"
"ft_id_1239","7.1m_846","1.0"
"ft_id_92","7.1m_539","1.0"
"ft_id_712","7.1m_468","1.0"
"ft_id_728","7.1m_455","1.0"
"ft_id_1096","7.1m_6438","1.0"
"ft_id_1140","7.1m_993","1.0"
"ft_id_1767","7.1m_5292","1.0"
"ft_id_434","7.1m_615","1.0"
"ft_id_627","7.1m_581","1.0"
"ft_id_430","7.1m_609","1.0"
"ft_id_1556","7.1m_6710","1.0"
"ft_id_196","7.1m_129","1.0"
"ft_id_1551","7.1m_6725","1.0"
"ft_id_964","7.1m_6443","1.0"
"ft_id_167","7.1m_102","1.0"
"ft_id_623","7.1m_532","1.0"
"ft_id_1962","7.1m_3096","1.0"
"ft_id_153","7.1m_147","1.0"
"ft_id_132","7.1m_146","1.0"
"ft_id_1275","7.1m_6220","1.0"
"ft_id_553","7.1m_550","1.0"
"ft_id_407","7.1m_646","1.0"
"ft_id_690","7.1m_401","1.0"
"ft_id_639","7.1m_422","1.0"
"ft_id_410","7.1m_631","1.0"
"ft_id_317","7.1m_776","1.0"
"ft_id_784","7.1m_6551","1.0"
"ft_id_596","7.1m_507","1.0"
"ft_id_81","7.1m_566","1.0"
"ft_id_450","7.1m_664","1.0"
"ft_id_1152","7.1m_6327","1.0"
"ft_id_510","7.1m_157","1.0"
"ft_id_513","7.1m_156","1.0"
"ft_id_147","7.1m_624","1.0"
"ft_id_1086","7.1m_5313","1.0"
"ft_id_1219","7.1m_6910","1.0"
"ft_id_18","7.1m_1912","1.0"
"ft_id_1371","7.1m_6168","1.0"
"ft_id_31","7.1m_184","1.0"
"ft_id_649","7.1m_7094","1.0"
"ft_id_46","7.1m_154","1.0"
"ft_id_28","7.1m_176","1.0"
"ft_id_504","7.1m_1922","1.0"
"ft_id_73","7.1m_175","1.0"
"ft_id_1372","7.1m_808","1.0"
"ft_id_1928","7.1m_4730","1.0"
"ft_id_271","7.1m_6132","1.0"
"ft_id_790","7.1m_6677","1.0"
"ft_id_63","7.1m_272","1.0"
"ft_id_96","7.1m_195","1.0"
"ft_id_595","7.1m_254","1.0"
"ft_id_34","7.1m_253","1.0"
"ft_id_460","7.1m_144","1.0"
"ft_id_679","7.1m_380","1.0"
"ft_id_629","7.1m_340","1.0"
"ft_id_544","7.1m_240","1.0"
"ft_id_524","7.1m_214","1.0"
"ft_id_1355","7.1m_6247","1.0"
"ft_id_32","7.1m_1972","1.0"
"ft_id_556","7.1m_200","1.0"
"ft_id_52","7.1m_1972","1.0"
"ft_id_613","7.1m_164","1.0"
"ft_id_368","7.1m_1724","1.0"
"ft_id_141","7.1m_645","1.0"
"ft_id_261","7.1m_769","1.0"
"ft_id_639","7.1m_168","1.0"
"ft_id_1020","7.1m_6607","1.0"
"ft_id_276","7.1m_626","1.0"
"ft_id_378","7.1m_1822","1.0"
"ft_id_1898","7.1m_4833","1.0"
"ft_id_643","7.1m_198","1.0"
"ft_id_900","7.1m_6677","1.0"
"ft_id_864","7.1m_5340","1.0"
"ft_id_1471","7.1m_856","1.0"
"ft_id_1391","7.1m_924","1.0"
"ft_id_83","7.1m_365","1.0"
"ft_id_84","7.1m_367","1.0"
"ft_id_788","7.1m_5371","1.0"
"ft_id_1529","7.1m_831","1.0"
"ft_id_956","7.1m_6620","1.0"
"ft_id_878","7.1m_6701","1.0"
"ft_id_190","7.1m_732","1.0"
"ft_id_711","7.1m_194","1.0"
"ft_id_109","7.1m_764","1.0"
"ft_id_66","7.1m_319","1.0"
"ft_id_1885","7.1m_3306","1.0"
"ft_id_464","7.1m_1758","1.0"
"ft_id_266","7.1m_659","1.0"
"ft_id_565","7.1m_332","1.0"
"ft_id_599","7.1m_300","1.0"
"ft_id_686","7.1m_218","1.0"
"ft_id_531","7.1m_372","1.0"
"ft_id_283","7.1m_620","1.0"
"ft_id_170","7.1m_726","1.0"
"ft_id_286","7.1m_509","1.0"
"ft_id_1712","7.1m_6390","1.0"
"ft_id_1698","7.1m_924","1.0"
"ft_id_1080","7.1m_4138","1.0"
"ft_id_431","7.1m_281","1.0"
"ft_id_1823","7.1m_4960","1.0"
"ft_id_150","7.1m_461","1.0"
"ft_id_472","7.1m_284","1.0"
"ft_id_530","7.1m_1729","1.0"
"ft_id_377","7.1m_235","1.0"
"ft_id_396","7.1m_245","1.0"
"ft_id_569","7.1m_1728","1.0"
"ft_id_125","7.1m_469","1.0"
"ft_id_129","7.1m_488","1.0"
"ft_id_110","7.1m_481","1.0"
"ft_id_683","7.1m_109","1.0"
"ft_id_1020","7.1m_4143","1.0"
"ft_id_885","7.1m_4175","1.0"
"ft_id_1913","7.1m_2123","1.0"
"ft_id_1771","7.1m_924","1.0"
"ft_id_277","7.1m_562","1.0"
"ft_id_403","7.1m_342","1.0"
"ft_id_1561","7.1m_6261","1.0"
"ft_id_1919","7.1m_2174","1.0"
"ft_id_215","7.1m_583","1.0"
"ft_id_1898","7.1m_4870","1.0"
"ft_id_409","7.1m_179","1.0"
"ft_id_610","7.1m_130","1.0"
"ft_id_615","7.1m_114","1.0"
"ft_id_297","7.1m_408","1.0"
"ft_id_400","7.1m_160","1.0"
"ft_id_467","7.1m_1931","1.0"
"ft_id_172","7.1m_558","1.0"
"ft_id_1541","7.1m_954","1.0"
"ft_id_471","7.1m_165","1.0"
"ft_id_76","7.1m_106","1.0"
"ft_id_1361","7.1m_6559","1.0"
"ft_id_234","7.1m_454","1.0"
"ft_id_375","7.1m_398","1.0"
"ft_id_329","7.1m_356","1.0"
"ft_id_64","7.1m_127","1.0"
"ft_id_653","7.1m_1700","1.0"
"ft_id_25","7.1m_104","1.0"
"ft_id_569","7.1m_1859","1.0"
"ft_id_1275","7.1m_5295","1.0"
"ft_id_41","7.1m_113","1.0"
"ft_id_14","7.1m_140","1.0"
"ft_id_348","7.1m_375","1.0"
"ft_id_560","7.1m_148","1.0"
"ft_id_263","7.1m_446","1.0"
"ft_id_1144","7.1m_5333","1.0"
"ft_id_436","7.1m_266","1.0"
"ft_id_446","7.1m_249","1.0"
"ft_id_552","7.1m_142","1.0"
"ft_id_127","7.1m_508","1.0"
"ft_id_1680","7.1m_6250","1.0"
"ft_id_130","7.1m_518","1.0"
"ft_id_974","7.1m_108","1.0"
"ft_id_32","7.1m_6883","1.0"
"ft_id_1079","7.1m_112","1.0"
"ft_id_985","7.1m_1841","1.0"
"ft_id_444","7.1m_6727","1.0"
"ft_id_1231","7.1m_307","1.0"
"ft_id_466","7.1m_5393","1.0"
"ft_id_1326","7.1m_415","1.0"
"ft_id_756","7.1m_5553","1.0"
"ft_id_1292","7.1m_397","1.0"
"ft_id_779","7.1m_1731","1.0"
"ft_id_1199","7.1m_177","1.0"
"ft_id_1239","7.1m_377","1.0"
"ft_id_1937","7.1m_2323","1.0"
"ft_id_1182","7.1m_204","1.0"
"ft_id_1852","7.1m_3659","1.0"
"ft_id_378","7.1m_5237","1.0"
"ft_id_1759","7.1m_6041","1.0"
"ft_id_41","7.1m_4127","1.0"
"ft_id_1946","7.1m_2282","1.0"
"ft_id_133","7.1m_6557","1.0"
"ft_id_1576","7.1m_6136","1.0"
"ft_id_582","7.1m_4166","1.0"
"ft_id_105","7.1m_6550","1.0"
"ft_id_697","7.1m_4046","1.0"
"ft_id_52","7.1m_6607","1.0"
"ft_id_208","7.1m_971","1.0"
"ft_id_397","7.1m_6853","1.0"
"ft_id_1039","7.1m_7075","1.0"
"ft_id_1066","7.1m_317","1.0"
"ft_id_13","7.1m_6620","1.0"
"ft_id_32","7.1m_6607","1.0"
"ft_id_120","7.1m_843","1.0"
"ft_id_1772","7.1m_555","1.0"
"ft_id_1075","7.1m_335","1.0"
"ft_id_256","7.1m_924","1.0"
"ft_id_1478","7.1m_728","1.0"
"ft_id_1734","7.1m_552","1.0"
"ft_id_213","7.1m_933","1.0"
"ft_id_789","7.1m_1969","1.0"
"ft_id_194","7.1m_6168","1.0"
"ft_id_1480","7.1m_769","1.0"
"ft_id_1203","7.1m_1863","1.0"
"ft_id_986","7.1m_7094","1.0"
"ft_id_1009","7.1m_1909","1.0"
"ft_id_1898","7.1m_2657","1.0"
"ft_id_1316","7.1m_6033","1.0"
"ft_id_733","7.1m_5278","1.0"
"ft_id_331","7.1m_6992","1.0"
"ft_id_525","7.1m_6712","1.0"
"ft_id_1946","7.1m_2539","1.0"
"ft_id_1379","7.1m_6065","1.0"
"ft_id_246","7.1m_6281","1.0"
"ft_id_941","7.1m_1905","1.0"
"ft_id_952","7.1m_1955","1.0"
"ft_id_261","7.1m_6221","1.0"
"ft_id_847","7.1m_7075","1.0"
"ft_id_180","7.1m_943","1.0"
"ft_id_165","7.1m_994","1.0"
"ft_id_1234","7.1m_1770","1.0"
"ft_id_1063","7.1m_517","1.0"
"ft_id_1093","7.1m_529","1.0"
"ft_id_1710","7.1m_326","1.0"
"ft_id_967","7.1m_593","1.0"
"ft_id_176","7.1m_5494","1.0"
"ft_id_1896","7.1m_2751","1.0"
"ft_id_1219","7.1m_739","1.0"
"ft_id_91","7.1m_6480","1.0"
"ft_id_318","7.1m_814","1.0"
"ft_id_1591","7.1m_1908","1.0"
"ft_id_1551","7.1m_1960","1.0"
"ft_id_1051","7.1m_506","1.0"
"ft_id_1174","7.1m_755","1.0"
"ft_id_742","7.1m_5020","1.0"
"ft_id_399","7.1m_977","1.0"
"ft_id_1069","7.1m_410","1.0"
"ft_id_261","7.1m_6835","1.0"
"ft_id_578","7.1m_5086","1.0"
"ft_id_400","7.1m_848","1.0"
"ft_id_432","7.1m_872","1.0"
"ft_id_847","7.1m_564","1.0"
"ft_id_312","7.1m_966","1.0"
"ft_id_555","7.1m_6514","1.0"
"ft_id_20","7.1m_5161","1.0"
"ft_id_1893","7.1m_1383","1.0"
"ft_id_1247","7.1m_651","1.0"
"ft_id_269","7.1m_4005","1.0"
"ft_id_1430","7.1m_1781","1.0"
"ft_id_1265","7.1m_678","1.0"
"ft_id_13","7.1m_5119","1.0"
"ft_id_193","7.1m_5227","1.0"
"ft_id_1099","7.1m_788","1.0"
"ft_id_1785","7.1m_115","1.0"
"ft_id_631","7.1m_903","1.0"
"ft_id_1373","7.1m_1946","1.0"
"ft_id_639","7.1m_923","1.0"
"ft_id_1295","7.1m_7231","1.0"
"ft_id_569","7.1m_844","1.0"
"ft_id_1667","7.1m_1715","1.0"
"ft_id_896","7.1m_751","1.0"
"ft_id_872","7.1m_639","1.0"
"ft_id_1204","7.1m_556","1.0"
"ft_id_222","7.1m_5398","1.0"
"ft_id_1120","7.1m_491","1.0"
"ft_id_743","7.1m_988","1.0"
"ft_id_1145","7.1m_474","1.0"
"ft_id_807","7.1m_628","1.0"
"ft_id_1154","7.1m_487","1.0"
"ft_id_907","7.1m_738","1.0"
"ft_id_1280","7.1m_564","1.0"
"ft_id_1466","7.1m_324","1.0"
"ft_id_1414","7.1m_386","1.0"
"ft_id_1422","7.1m_382","1.0"
"ft_id_1062","7.1m_750","1.0"
"ft_id_30","7.1m_961","1.0"
"ft_id_970","7.1m_6008","1.0"
"ft_id_1949","7.1m_2913","1.0"
"ft_id_1487","7.1m_1939","1.0"
"ft_id_1924","7.1m_1544","1.0"
"ft_id_968","7.1m_667","1.0"
"ft_id_1946","7.1m_1597","1.0"
"ft_id_976","7.1m_637","1.0"
"ft_id_503","7.1m_983","1.0"
"ft_id_1448","7.1m_1915","1.0"
"ft_id_593","7.1m_924","1.0"
"ft_id_1763","7.1m_1728","1.0"
"ft_id_972","7.1m_603","1.0"
"ft_id_756","7.1m_852","1.0"
"ft_id_710","7.1m_829","1.0"
"ft_id_1297","7.1m_473","1.0"
"ft_id_1587","7.1m_123","1.0"
"ft_id_1459","7.1m_244","1.0"
"ft_id_1008","7.1m_643","1.0"
"ft_id_1239","7.1m_422","1.0"
"ft_id_274","7.1m_6677","1.0"
"ft_id_246","7.1m_3115","1.0"
"ft_id_32","7.1m_3476","1.0"
"ft_id_535","7.1m_4870","1.0"
"ft_id_971","7.1m_3855","1.0"
"ft_id_850","7.1m_3745","1.0"
"ft_id_1208","7.1m_2572","1.0"
"ft_id_1241","7.1m_2562","1.0"
"ft_id_1195","7.1m_3992","1.0"
"ft_id_360","7.1m_4644","1.0"
"ft_id_683","7.1m_3595","1.0"
"ft_id_7","7.1m_4521","1.0"
"ft_id_225","7.1m_68","1.0"
"ft_id_183","7.1m_5827","1.0"
"ft_id_882","7.1m_2282","1.0"
"ft_id_1020","7.1m_3822","1.0"
"ft_id_201","7.1m_93","1.0"
"ft_id_272","7.1m_58","1.0"
"ft_id_230","7.1m_89","1.0"
"ft_id_5","7.1m_19","1.0"
"ft_id_8","7.1m_16","1.0"
"ft_id_108","7.1m_3077","1.0"
"ft_id_892","7.1m_3858","1.0"
"ft_id_6","7.1m_20","1.0"
"ft_id_847","7.1m_3656","1.0"
"ft_id_26","7.1m_2128","1.0"
"ft_id_1036","7.1m_2298","1.0"
"ft_id_47","7.1m_2128","1.0"
"ft_id_32","7.1m_2128","1.0"
"ft_id_847","7.1m_3878","1.0"
"ft_id_1238","7.1m_1091","1.0"
"ft_id_313","7.1m_4742","1.0"
"ft_id_1535","7.1m_2732","1.0"
"ft_id_303","7.1m_4711","1.0"
"ft_id_1040","7.1m_2236","1.0"
"ft_id_1237","7.1m_2434","1.0"
"ft_id_168","7.1m_54","1.0"
"ft_id_1178","7.1m_1148","1.0"
"ft_id_762","7.1m_2377","1.0"
"ft_id_1280","7.1m_2492","1.0"
"ft_id_171","7.1m_56","1.0"
"ft_id_157","7.1m_78","1.0"
"ft_id_154","7.1m_97","1.0"
"ft_id_1041","7.1m_3658","1.0"
"ft_id_1280","7.1m_2459","1.0"
"ft_id_32","7.1m_3554","1.0"
"ft_id_101","7.1m_76","1.0"
"ft_id_369","7.1m_4828","1.0"
"ft_id_124","7.1m_47","1.0"
"ft_id_856","7.1m_2384","1.0"
"ft_id_1067","7.1m_3671","1.0"
"ft_id_900","7.1m_3656","1.0"
"ft_id_149","7.1m_42","1.0"
"ft_id_958","7.1m_3653","1.0"
"ft_id_989","7.1m_3696","1.0"
"ft_id_114","7.1m_22","1.0"
"ft_id_843","7.1m_2305","1.0"
"ft_id_879","7.1m_3785","1.0"
"ft_id_808","7.1m_2335","1.0"
"ft_id_669","7.1m_4946","1.0"
"ft_id_882","7.1m_2539","1.0"
"ft_id_218","7.1m_5776","1.0"
"ft_id_13","7.1m_4674","1.0"
"ft_id_108","7.1m_5616","1.0"
"ft_id_546","7.1m_4644","1.0"
"ft_id_1838","7.1m_1958","1.0"
"ft_id_441","7.1m_4970","1.0"
"ft_id_1279","7.1m_2322","1.0"
"ft_id_1239","7.1m_2322","1.0"
"ft_id_261","7.1m_5709","1.0"
"ft_id_1898","7.1m_1960","1.0"
"ft_id_457","7.1m_2106","1.0"
"ft_id_1701","7.1m_2873","1.0"
"ft_id_587","7.1m_4644","1.0"
"ft_id_1072","7.1m_2550","1.0"
"ft_id_956","7.1m_1184","1.0"
"ft_id_1256","7.1m_3830","1.0"
"ft_id_1882","7.1m_1947","1.0"
"ft_id_1496","7.1m_1698","1.0"
"ft_id_1922","7.1m_7019","1.0"
"ft_id_1418","7.1m_1632","1.0"
"ft_id_610","7.1m_4644","1.0"
"ft_id_983","7.1m_1141","1.0"
"ft_id_1642","7.1m_1280","1.0"
"ft_id_886","7.1m_2657","1.0"
"ft_id_1383","7.1m_2967","1.0"
"ft_id_847","7.1m_2459","1.0"
"ft_id_817","7.1m_2608","1.0"
"ft_id_889","7.1m_2444","1.0"
"ft_id_246","7.1m_5645","1.0"
"ft_id_410","7.1m_4875","1.0"
"ft_id_571","7.1m_4726","1.0"
"ft_id_999","7.1m_3915","1.0"
"ft_id_389","7.1m_4980","1.0"
"ft_id_98","7.1m_4815","1.0"
"ft_id_1020","7.1m_2452","1.0"
"ft_id_1280","7.1m_3656","1.0"
"ft_id_1107","7.1m_3839","1.0"
"ft_id_747","7.1m_4680","1.0"
"ft_id_1603","7.1m_1360","1.0"
"ft_id_1045","7.1m_3904","1.0"
"ft_id_1097","7.1m_1046","1.0"
"ft_id_1679","7.1m_2778","1.0"
"ft_id_187","7.1m_5785","1.0"
"ft_id_1517","7.1m_1495","1.0"
"ft_id_350","7.1m_5639","1.0"
"ft_id_267","7.1m_2165","1.0"
"ft_id_1716","7.1m_2617","1.0"
"ft_id_1501","7.1m_2406","1.0"
"ft_id_859","7.1m_2728","1.0"
"ft_id_953","7.1m_1444","1.0"
"ft_id_587","7.1m_4472","1.0"
"ft_id_264","7.1m_2124","1.0"
"ft_id_588","7.1m_4472","1.0"
"ft_id_91","7.1m_3097","1.0"
"ft_id_1694","7.1m_1184","1.0"
"ft_id_546","7.1m_4472","1.0"
"ft_id_72","7.1m_5827","1.0"
"ft_id_515","7.1m_4459","1.0"
"ft_id_1856","7.1m_452","1.0"
"ft_id_1712","7.1m_1172","1.0"
"ft_id_569","7.1m_3077","1.0"
"ft_id_1221","7.1m_1627","1.0"
"ft_id_924","7.1m_1383","1.0"
"ft_id_1261","7.1m_1651","1.0"
"ft_id_1124","7.1m_1551","1.0"
"ft_id_1664","7.1m_1035","1.0"
"ft_id_1761","7.1m_1196","1.0"
"ft_id_1767","7.1m_1132","1.0"
"ft_id_1351","7.1m_3724","1.0"
"ft_id_842","7.1m_1284","1.0"
"ft_id_769","7.1m_2751","1.0"
"ft_id_298","7.1m_2169","1.0"
"ft_id_1694","7.1m_2657","1.0"
"ft_id_1524","7.1m_3774","1.0"
"ft_id_294","7.1m_2187","1.0"
"ft_id_1127","7.1m_1513","1.0"
"ft_id_90","7.1m_4472","1.0"
"ft_id_1339","7.1m_2335","1.0"
"ft_id_1776","7.1m_2536","1.0"
"ft_id_214","7.1m_3475","1.0"
"ft_id_1555","7.1m_1117","1.0"
"ft_id_993","7.1m_2763","1.0"
"ft_id_1428","7.1m_3685","1.0"
"ft_id_193","7.1m_2198","1.0"
"ft_id_450","7.1m_5689","1.0"
"ft_id_1747","7.1m_2526","1.0"
"ft_id_1551","7.1m_1184","1.0"
"ft_id_655","7.1m_3005","1.0"
"ft_id_173","7.1m_3608","1.0"
"ft_id_98","7.1m_86","1.0"
"ft_id_274","7.1m_4870","1.0"
"ft_id_32","7.1m_5963","1.0"
"ft_id_444","7.1m_5616","1.0"
"ft_id_246","7.1m_4870","1.0"
"ft_id_1064","7.1m_1326","1.0"
"ft_id_736","7.1m_3016","1.0"
"ft_id_49","7.1m_67","1.0"
"ft_id_21","7.1m_49","1.0"
"ft_id_15","7.1m_43","1.0"
"ft_id_39","7.1m_66","1.0"
"ft_id_35","7.1m_62","1.0"
"ft_id_660","7.1m_3047","1.0"
"ft_id_909","7.1m_1273","1.0"
"ft_id_42","7.1m_46","1.0"
"ft_id_45","7.1m_48","1.0"
"ft_id_701","7.1m_5876","1.0"
"ft_id_68","7.1m_40","1.0"
"ft_id_522","7.1m_25","1.0"
"ft_id_670","7.1m_4490","1.0"
"ft_id_75","7.1m_63","1.0"
"ft_id_67","7.1m_65","1.0"
"ft_id_1687","7.1m_3916","1.0"
"ft_id_538","7.1m_13","1.0"
"ft_id_1503","7.1m_2277","1.0"
"ft_id_1786","7.1m_1042","1.0"
"ft_id_85","7.1m_41","1.0"
"ft_id_38","7.1m_87","1.0"
"ft_id_62","7.1m_77","1.0"
"ft_id_729","7.1m_4439","1.0"
"ft_id_77","7.1m_21","1.0"
"ft_id_1361","7.1m_3858","1.0"
"ft_id_893","7.1m_2755","1.0"
"ft_id_17","7.1m_12","1.0"
"ft_id_1688","7.1m_2522","1.0"
"ft_id_866","7.1m_1362","1.0"
"ft_id_1525","7.1m_3642","1.0"
"ft_id_528","7.1m_95","1.0"
"ft_id_1279","7.1m_2962","1.0"
"ft_id_69","7.1m_5675","1.0"
"ft_id_32","7.1m_4207","1.0"
"ft_id_135","7.1m_3217","1.0"
"ft_id_32","7.1m_4213","1.0"
"ft_id_360","7.1m_4472","1.0"
"ft_id_1464","7.1m_1100","1.0"
"ft_id_1450","7.1m_2583","1.0"
"ft_id_998","7.1m_1623","1.0"
"ft_id_1081","7.1m_1665","1.0"
"ft_id_1394","7.1m_2422","1.0"
"ft_id_569","7.1m_5616","1.0"
"ft_id_1453","7.1m_1185","1.0"
"ft_id_812","7.1m_1506","1.0"
"ft_id_659","7.1m_4368","1.0"
"ft_id_429","7.1m_33","1.0"
"ft_id_419","7.1m_31","1.0"
"ft_id_184","7.1m_4644","1.0"
"ft_id_404","7.1m_23","1.0"
"ft_id_439","7.1m_3143","1.0"
"ft_id_569","7.1m_5691","1.0"
"ft_id_1722","7.1m_3777","1.0"
"ft_id_1164","7.1m_2721","1.0"
"ft_id_1239","7.1m_2833","1.0"
"ft_id_1623","7.1m_2223","1.0"
"ft_id_479","7.1m_34","1.0"
"ft_id_423","7.1m_75","1.0"
"ft_id_706","7.1m_5714","1.0"
"ft_id_1363","7.1m_1174","1.0"
"ft_id_47","7.1m_5776","1.0"
"ft_id_32","7.1m_5776","1.0"
"ft_id_1544","7.1m_2349","1.0"
"ft_id_485","7.1m_4476","1.0"
"ft_id_947","7.1m_1572","1.0"
"ft_id_1361","7.1m_2583","1.0"
"ft_id_1452","7.1m_1085","1.0"
"ft_id_858","7.1m_1633","1.0"
"ft_id_146","7.1m_4750","1.0"
"ft_id_305","7.1m_4571","1.0"
"ft_id_1239","7.1m_1250","1.0"
"ft_id_1128","7.1m_1393","1.0"
"ft_id_1268","7.1m_1255","1.0"
"ft_id_1290","7.1m_1241","1.0"
"ft_id_1239","7.1m_2747","1.0"
"ft_id_444","7.1m_3077","1.0"
"ft_id_370","7.1m_89","1.0"
"ft_id_347","7.1m_55","1.0"
"ft_id_1022","7.1m_1522","1.0"
"ft_id_421","7.1m_3037","1.0"
"ft_id_1573","7.1m_3840","1.0"
"ft_id_1898","7.1m_6084","1.0"
"ft_id_1781","7.1m_2216","1.0"
"ft_id_1047","7.1m_2953","1.0"
"ft_id_301","7.1m_60","1.0"
"ft_id_32","7.1m_4395","1.0"
"ft_id_1349","7.1m_2614","1.0"
"ft_id_1011","7.1m_4301","1.0"
"ft_id_97","7.1m_0","1.0"
"ft_id_1284","7.1m_4559","1.0"
"ft_id_336","7.1m_1217","1.0"
"ft_id_610","7.1m_2962","1.0"
"ft_id_1278","7.1m_5919","1.0"
"ft_id_455","7.1m_1374","1.0"
"ft_id_451","7.1m_1373","1.0"
"ft_id_206","7.1m_1110","1.0"
"ft_id_249","7.1m_1146","1.0"
"ft_id_184","7.1m_2539","1.0"
"ft_id_229","7.1m_1126","1.0"
"ft_id_125","7.1m_2440","1.0"
"ft_id_546","7.1m_2962","1.0"
"ft_id_569","7.1m_2972","1.0"
"ft_id_847","7.1m_4207","1.0"
"ft_id_179","7.1m_1029","1.0"
"ft_id_1847","7.1m_851","1.0"
"ft_id_396","7.1m_2753","1.0"
"ft_id_1727","7.1m_2167","1.0"
"ft_id_193","7.1m_2451","1.0"
"ft_id_1775","7.1m_2128","1.0"
"ft_id_218","7.1m_2657","1.0"
"ft_id_847","7.1m_5645","1.0"
"ft_id_341","7.1m_1324","1.0"
"ft_id_536","7.1m_1548","1.0"
"ft_id_11","7.1m_8","1.0"
"ft_id_19","7.1m_9","1.0"
"ft_id_22","7.1m_7","1.0"
"ft_id_1668","7.1m_4860","1.0"
"ft_id_588","7.1m_2962","1.0"
"ft_id_41","7.1m_1502","1.0"
"ft_id_1975","7.1m_924","1.0"
"ft_id_1915","7.1m_984","1.0"
"ft_id_1020","7.1m_4213","1.0"
"ft_id_1699","7.1m_4849","1.0"
"ft_id_1197","7.1m_3180","1.0"
"ft_id_680","7.1m_1487","1.0"
"ft_id_1039","7.1m_5645","1.0"
"ft_id_175","7.1m_2634","1.0"
"ft_id_1225","7.1m_3008","1.0"
"ft_id_1959","7.1m_6249","1.0"
"ft_id_218","7.1m_2492","1.0"
"ft_id_338","7.1m_1389","1.0"
"ft_id_274","7.1m_2459","1.0"
"ft_id_1151","7.1m_88","1.0"
"ft_id_822","7.1m_5776","1.0"
"ft_id_205","7.1m_3948","1.0"
"ft_id_986","7.1m_4217","1.0"
"ft_id_378","7.1m_2877","1.0"
"ft_id_221","7.1m_2539","1.0"
"ft_id_991","7.1m_5633","1.0"
"ft_id_439","7.1m_1320","1.0"
"ft_id_1588","7.1m_3608","1.0"
"ft_id_400","7.1m_1339","1.0"
"ft_id_1239","7.1m_3086","1.0"
"ft_id_444","7.1m_2734","1.0"
"ft_id_1445","7.1m_3535","1.0"
"ft_id_108","7.1m_2277","1.0"
"ft_id_1032","7.1m_3125","1.0"
"ft_id_521","7.1m_2693","1.0"
"ft_id_1020","7.1m_4538","1.0"
"ft_id_1449","7.1m_3576","1.0"
"ft_id_547","7.1m_1242","1.0"
"ft_id_1163","7.1m_5636","1.0"
"ft_id_320","7.1m_1484","1.0"
"ft_id_508","7.1m_1290","1.0"
"ft_id_788","7.1m_5888","1.0"
"ft_id_749","7.1m_2814","1.0"
"ft_id_44","7.1m_2694","1.0"
"ft_id_163","7.1m_3709","1.0"
"ft_id_1006","7.1m_5976","1.0"
"ft_id_166","7.1m_3748","1.0"
"ft_id_12","7.1m_1280","1.0"
"ft_id_366","7.1m_1549","1.0"
"ft_id_183","7.1m_3656","1.0"
"ft_id_1524","7.1m_2174","1.0"
"ft_id_316","7.1m_1511","1.0"
"ft_id_847","7.1m_4476","1.0"
"ft_id_13","7.1m_2751","1.0"
"ft_id_246","7.1m_3817","1.0"
"ft_id_1714","7.1m_3372","1.0"
"ft_id_1395","7.1m_4925","1.0"
"ft_id_1015","7.1m_3168","1.0"
"ft_id_602","7.1m_1265","1.0"
"ft_id_567","7.1m_1315","1.0"
"ft_id_1379","7.1m_2094","1.0"
"ft_id_571","7.1m_2750","1.0"
"ft_id_184","7.1m_2282","1.0"
"ft_id_384","7.1m_1","1.0"
"ft_id_569","7.1m_2734","1.0"
"ft_id_997","7.1m_5903","1.0"
"ft_id_808","7.1m_44","1.0"
"ft_id_667","7.1m_1212","1.0"
"ft_id_1551","7.1m_4730","1.0"
"ft_id_1361","7.1m_3550","1.0"
"ft_id_656","7.1m_1254","1.0"
"ft_id_1898","7.1m_5156","1.0"
"ft_id_221","7.1m_2282","1.0"
"ft_id_247","7.1m_2237","1.0"
"ft_id_1219","7.1m_5636","1.0"
"ft_id_1949","7.1m_5001","1.0"
"ft_id_193","7.1m_3844","1.0"
"ft_id_794","7.1m_4584","1.0"
"ft_id_847","7.1m_3115","1.0"
"ft_id_541","7.1m_2832","1.0"
"ft_id_484","7.1m_1525","1.0"
"ft_id_483","7.1m_1537","1.0"
"ft_id_361","7.1m_1660","1.0"
"ft_id_143","7.1m_3848","1.0"
"ft_id_222","7.1m_3747","1.0"
"ft_id_1408","7.1m_2128","1.0"
"ft_id_532","7.1m_1405","1.0"
"ft_id_1050","7.1m_3068","1.0"
"ft_id_705","7.1m_1270","1.0"
"ft_id_604","7.1m_1365","1.0"
"ft_id_182","7.1m_2","1.0"
"ft_id_535","7.1m_2459","1.0"
"ft_id_1106","7.1m_2018","1.0"
"ft_id_444","7.1m_2335","1.0"
"ft_id_756","7.1m_2657","1.0"
"ft_id_620","7.1m_3971","1.0"
"ft_id_1729","7.1m_84","1.0"
"ft_id_360","7.1m_2282","1.0"
"ft_id_184","7.1m_2962","1.0"
"ft_id_1994","7.1m_5320","1.0"
"ft_id_1652","7.1m_3064","1.0"
"ft_id_1198","7.1m_4912","1.0"
"ft_id_52","7.1m_2492","1.0"
"ft_id_47","7.1m_2492","1.0"
"ft_id_1447","7.1m_4338","1.0"
"ft_id_32","7.1m_2492","1.0"
"ft_id_32","7.1m_1026","1.0"
"ft_id_1100","7.1m_3453","1.0"
"ft_id_1551","7.1m_4476","1.0"
"ft_id_1020","7.1m_4730","1.0"
"ft_id_23","7.1m_3948","1.0"
"ft_id_108","7.1m_1544","1.0"
"ft_id_756","7.1m_1184","1.0"
"ft_id_1361","7.1m_4246","1.0"
"ft_id_479","7.1m_2412","1.0"
"ft_id_1684","7.1m_3193","1.0"
"ft_id_240","7.1m_1654","1.0"
"ft_id_869","7.1m_3208","1.0"
"ft_id_587","7.1m_2539","1.0"
"ft_id_882","7.1m_4644","1.0"
"ft_id_884","7.1m_4644","1.0"
"ft_id_274","7.1m_1616","1.0"
"ft_id_619","7.1m_2451","1.0"
"ft_id_938","7.1m_4751","1.0"
"ft_id_526","7.1m_2523","1.0"
"ft_id_923","7.1m_4794","1.0"
"ft_id_1694","7.1m_5827","1.0"
"ft_id_571","7.1m_2592","1.0"
"ft_id_452","7.1m_2275","1.0"
"ft_id_1551","7.1m_5963","1.0"
"ft_id_640","7.1m_2472","1.0"
"ft_id_793","7.1m_4780","1.0"
"ft_id_65","7.1m_1198","1.0"
"ft_id_717","7.1m_2505","1.0"
"ft_id_1202","7.1m_4870","1.0"
"ft_id_535","7.1m_1184","1.0"
"ft_id_91","7.1m_2623","1.0"
"ft_id_378","7.1m_3777","1.0"
"ft_id_676","7.1m_1041","1.0"
"ft_id_1451","7.1m_5616","1.0"
"ft_id_959","7.1m_3226","1.0"
"ft_id_1259","7.1m_4968","1.0"
"ft_id_1146","7.1m_3608","1.0"
"ft_id_1408","7.1m_5776","1.0"
"ft_id_1585","7.1m_3141","1.0"
"ft_id_1686","7.1m_3071","1.0"
"ft_id_696","7.1m_2530","1.0"
"ft_id_1775","7.1m_5827","1.0"
"ft_id_4","7.1m_2949","1.0"
"ft_id_221","7.1m_2962","1.0"
"ft_id_204","7.1m_2983","1.0"
"ft_id_734","7.1m_2409","1.0"
"ft_id_535","7.1m_3656","1.0"
"ft_id_373","7.1m_1098","1.0"
"ft_id_588","7.1m_2282","1.0"
"ft_id_1239","7.1m_3368","1.0"
"ft_id_1361","7.1m_5824","1.0"
"ft_id_1530","7.1m_50","1.0"
"ft_id_496","7.1m_1184","1.0"
"ft_id_756","7.1m_3817","1.0"
"ft_id_108","7.1m_1237","1.0"
"ft_id_193","7.1m_2773","1.0"
"ft_id_1681","7.1m_5760","1.0"
"ft_id_193","7.1m_1339","1.0"
"ft_id_1489","7.1m_4576","1.0"
"ft_id_341","7.1m_2453","1.0"
"ft_id_72","7.1m_3656","1.0"
"ft_id_569","7.1m_2277","1.0"
"ft_id_463","7.1m_1139","1.0"
"ft_id_273","7.1m_1356","1.0"
"ft_id_1512","7.1m_4590","1.0"
"ft_id_1898","7.1m_6883","1.0"
"ft_id_108","7.1m_2734","1.0"
"ft_id_144","7.1m_2788","1.0"
"ft_id_875","7.1m_2009","1.0"
"ft_id_975","7.1m_2113","1.0"
"ft_id_921","7.1m_4972","1.0"
"ft_id_115","7.1m_2758","1.0"
"ft_id_1199","7.1m_4674","1.0"
"ft_id_270","7.1m_2838","1.0"
"ft_id_930","7.1m_3511","1.0"
"ft_id_1362","7.1m_4494","1.0"
"ft_id_740","7.1m_2347","1.0"
"ft_id_871","7.1m_4885","1.0"
"ft_id_90","7.1m_2282","1.0"
"ft_id_1530","7.1m_5945","1.0"
"ft_id_444","7.1m_2634","1.0"
"ft_id_326","7.1m_3926","1.0"
"ft_id_1845","7.1m_6811","1.0"
"ft_id_702","7.1m_2335","1.0"
"ft_id_1463","7.1m_5843","1.0"
"ft_id_400","7.1m_2451","1.0"
"ft_id_574","7.1m_2335","1.0"
"ft_id_569","7.1m_2335","1.0"
"ft_id_1239","7.1m_3249","1.0"
"ft_id_487","7.1m_1097","1.0"
"ft_id_822","7.1m_3608","1.0"
"ft_id_693","7.1m_3656","1.0"
"ft_id_1339","7.1m_5945","1.0"
"ft_id_569","7.1m_3776","1.0"
"ft_id_417","7.1m_2458","1.0"
"ft_id_791","7.1m_3544","1.0"
"ft_id_1235","7.1m_4611","1.0"
"ft_id_400","7.1m_1086","1.0"
"ft_id_332","7.1m_1150","1.0"
"ft_id_904","7.1m_4884","1.0"
"ft_id_771","7.1m_2198","1.0"
"ft_id_41","7.1m_3831","1.0"
"ft_id_1712","7.1m_5636","1.0"
"ft_id_490","7.1m_3983","1.0"
"ft_id_900","7.1m_4870","1.0"
"ft_id_108","7.1m_1440","1.0"
"ft_id_990","7.1m_3458","1.0"
"ft_id_922","7.1m_2057","1.0"
"ft_id_924","7.1m_2039","1.0"
"ft_id_1339","7.1m_50","1.0"
"ft_id_1339","7.1m_44","1.0"
"ft_id_1613","7.1m_5718","1.0"
