db_id,sevM_id,label
dbpedia_5248,7.1m_234,True
dbpedia_4098,7.1m_25,True
dbpedia_3630,7.1m_97,True
dbpedia_1,7.1m_1546,True
dbpedia_3107,7.1m_439,True
dbpedia_2046,7.1m_1839,True
dbpedia_2777,7.1m_623,True
dbpedia_1117,7.1m_229,True
dbpedia_2865,7.1m_1687,True
dbpedia_3385,7.1m_300,True
dbpedia_1962,7.1m_173,True
dbpedia_3812,7.1m_129,True
dbpedia_1307,7.1m_480,True
dbpedia_3447,7.1m_892,True
dbpedia_3055,7.1m_1746,True
dbpedia_742,7.1m_1320,True
dbpedia_727,7.1m_1212,True
dbpedia_6466,7.1m_1140,True
dbpedia_3062,7.1m_659,True
dbpedia_340,7.1m_1304,True
dbpedia_6678,7.1m_253,True
dbpedia_193,7.1m_997,True
dbpedia_6363,7.1m_1157,True
dbpedia_4326,7.1m_205,True
dbpedia_4940,7.1m_855,True
dbpedia_2047,7.1m_266,True
dbpedia_1690,7.1m_618,True
dbpedia_1467,7.1m_454,True
dbpedia_1671,7.1m_1946,True
dbpedia_4996,7.1m_577,True
dbpedia_3412,7.1m_316,True
dbpedia_1720,7.1m_527,True
dbpedia_3507,7.1m_1643,True
dbpedia_2607,7.1m_1971,True
dbpedia_321,7.1m_786,True
dbpedia_402,7.1m_106,True
dbpedia_4155,7.1m_774,True
dbpedia_6879,7.1m_1631,True
dbpedia_924,7.1m_372,True
dbpedia_1470,7.1m_76,True
dbpedia_3133,7.1m_1551,True
dbpedia_352,7.1m_332,True
dbpedia_5850,7.1m_302,True
dbpedia_3787,7.1m_1307,True
dbpedia_4226,7.1m_1209,True
dbpedia_749,7.1m_273,True
dbpedia_4164,7.1m_1930,True
dbpedia_5161,7.1m_442,True
dbpedia_4373,7.1m_34,True
dbpedia_2087,7.1m_1250,True
dbpedia_1366,7.1m_67,True
dbpedia_6456,7.1m_911,True
dbpedia_6521,7.1m_1000,True
dbpedia_6483,7.1m_791,True
dbpedia_171,7.1m_1268,True
dbpedia_5542,7.1m_842,True
dbpedia_1927,7.1m_251,True
dbpedia_5825,7.1m_401,True
dbpedia_4447,7.1m_976,True
dbpedia_365,7.1m_1854,True
dbpedia_2640,7.1m_1710,True
dbpedia_1365,7.1m_405,True
dbpedia_3172,7.1m_8,True
dbpedia_3253,7.1m_1728,True
dbpedia_4717,7.1m_215,True
dbpedia_4693,7.1m_1120,True
dbpedia_6495,7.1m_771,True
dbpedia_744,7.1m_1497,True
dbpedia_3896,7.1m_1691,True
dbpedia_6279,7.1m_1649,True
dbpedia_5757,7.1m_1100,True
dbpedia_5696,7.1m_41,True
dbpedia_5781,7.1m_744,True
dbpedia_4721,7.1m_508,True
dbpedia_2802,7.1m_960,True
dbpedia_3209,7.1m_517,True
dbpedia_1938,7.1m_804,True
dbpedia_636,7.1m_1525,True
dbpedia_2115,7.1m_1309,True
dbpedia_4174,7.1m_613,True
dbpedia_735,7.1m_420,True
dbpedia_2755,7.1m_1325,True
dbpedia_6667,7.1m_1504,True
dbpedia_6708,7.1m_1660,True
dbpedia_3008,7.1m_1090,True
dbpedia_3261,7.1m_1273,True
dbpedia_4612,7.1m_1253,True
dbpedia_5302,7.1m_1141,True
dbpedia_3072,7.1m_218,True
dbpedia_2595,7.1m_1197,True
dbpedia_5684,7.1m_175,True
dbpedia_2932,7.1m_1841,True
dbpedia_4091,7.1m_1114,True
dbpedia_2304,7.1m_651,True
dbpedia_2228,7.1m_385,True
dbpedia_5251,7.1m_609,True
dbpedia_5014,7.1m_683,True
dbpedia_1824,7.1m_1959,True
dbpedia_6250,7.1m_1343,True
dbpedia_301,7.1m_113,True
dbpedia_6857,7.1m_1430,True
dbpedia_6383,7.1m_368,True
dbpedia_257,7.1m_1132,True
dbpedia_4793,7.1m_1905,True
dbpedia_2126,7.1m_152,True
dbpedia_6421,7.1m_257,True
dbpedia_3096,7.1m_552,True
dbpedia_6158,7.1m_204,True
dbpedia_5404,7.1m_968,True
dbpedia_3895,7.1m_219,True
dbpedia_1234,7.1m_1932,True
dbpedia_5512,7.1m_288,True
dbpedia_5284,7.1m_890,True
dbpedia_2387,7.1m_1794,True
dbpedia_2119,7.1m_1142,True
dbpedia_2402,7.1m_237,True
dbpedia_3145,7.1m_1557,True
dbpedia_4171,7.1m_1770,True
dbpedia_3394,7.1m_1021,True
dbpedia_135,7.1m_1091,True
dbpedia_5426,7.1m_1998,True
dbpedia_3529,7.1m_737,True
dbpedia_138,7.1m_1664,True
dbpedia_2340,7.1m_1550,True
dbpedia_2662,7.1m_603,True
dbpedia_1673,7.1m_1408,True
dbpedia_5808,7.1m_1698,True
dbpedia_1254,7.1m_428,True
dbpedia_3131,7.1m_1117,True
dbpedia_2204,7.1m_1179,True
dbpedia_5217,7.1m_559,True
dbpedia_6042,7.1m_1931,True
dbpedia_3757,7.1m_532,True
dbpedia_1101,7.1m_1116,True
dbpedia_265,7.1m_48,True
dbpedia_1612,7.1m_1085,True
dbpedia_4159,7.1m_329,True
dbpedia_6917,7.1m_254,True
dbpedia_2065,7.1m_1424,True
dbpedia_565,7.1m_478,True
dbpedia_6650,7.1m_506,True
dbpedia_5656,7.1m_586,True
dbpedia_543,7.1m_971,True
dbpedia_3862,7.1m_1630,True
dbpedia_6595,7.1m_178,True
dbpedia_3123,7.1m_503,True
dbpedia_142,7.1m_194,True
dbpedia_1689,7.1m_1242,True
dbpedia_2670,7.1m_1190,True
dbpedia_1339,7.1m_192,True
dbpedia_5739,7.1m_464,True
dbpedia_2394,7.1m_1252,True
dbpedia_2435,7.1m_1778,True
dbpedia_6640,7.1m_1925,True
dbpedia_1761,7.1m_1280,True
dbpedia_3620,7.1m_150,True
dbpedia_5714,7.1m_1733,True
dbpedia_355,7.1m_240,True
dbpedia_6301,7.1m_1633,True
dbpedia_1085,7.1m_1469,True
dbpedia_277,7.1m_1782,False
dbpedia_4725,7.1m_1245,True
dbpedia_4565,7.1m_228,False
dbpedia_2578,7.1m_1699,False
dbpedia_360,7.1m_490,False
dbpedia_300,7.1m_316,False
dbpedia_3816,7.1m_1250,False
dbpedia_5846,7.1m_947,True
dbpedia_1906,7.1m_1220,False
dbpedia_668,7.1m_1033,False
dbpedia_6379,7.1m_1792,False
dbpedia_5567,7.1m_490,False
dbpedia_4507,7.1m_87,False
dbpedia_4226,7.1m_469,False
dbpedia_107,7.1m_1377,False
dbpedia_3927,7.1m_1250,False
dbpedia_5930,7.1m_410,True
dbpedia_2583,7.1m_36,False
dbpedia_6466,7.1m_117,False
dbpedia_2359,7.1m_1880,False
dbpedia_2736,7.1m_1880,False
dbpedia_3421,7.1m_506,False
dbpedia_5447,7.1m_483,False
dbpedia_6298,7.1m_840,False
dbpedia_2277,7.1m_1873,False
dbpedia_2223,7.1m_483,False
dbpedia_5537,7.1m_840,False
dbpedia_5070,7.1m_506,False
dbpedia_6287,7.1m_388,False
dbpedia_4502,7.1m_123,False
dbpedia_5978,7.1m_316,False
dbpedia_3602,7.1m_503,False
dbpedia_5717,7.1m_1792,False
dbpedia_360,7.1m_316,False
dbpedia_1854,7.1m_44,False
dbpedia_1463,7.1m_1880,False
dbpedia_1202,7.1m_268,False
dbpedia_6645,7.1m_490,False
dbpedia_4237,7.1m_37,False
dbpedia_1307,7.1m_976,True
dbpedia_6443,7.1m_422,False
dbpedia_469,7.1m_240,False
dbpedia_3688,7.1m_800,False
dbpedia_1965,7.1m_268,False
dbpedia_6240,7.1m_1033,False
dbpedia_5219,7.1m_490,False
dbpedia_1272,7.1m_490,False
dbpedia_4929,7.1m_37,False
dbpedia_1641,7.1m_330,False
dbpedia_5519,7.1m_1778,False
dbpedia_454,7.1m_1782,False
dbpedia_1743,7.1m_1033,False
dbpedia_3959,7.1m_1782,False
dbpedia_5807,7.1m_506,False
dbpedia_880,7.1m_506,False
dbpedia_856,7.1m_872,False
dbpedia_2898,7.1m_1835,False
dbpedia_1925,7.1m_800,False
dbpedia_6351,7.1m_933,False
dbpedia_2861,7.1m_37,False
dbpedia_4637,7.1m_1146,False
dbpedia_6290,7.1m_50,False
dbpedia_6187,7.1m_1880,False
dbpedia_3354,7.1m_796,False
dbpedia_48,7.1m_1972,False
dbpedia_2725,7.1m_177,False
dbpedia_1322,7.1m_719,False
dbpedia_2306,7.1m_506,False
dbpedia_3253,7.1m_1544,False
dbpedia_2960,7.1m_1375,False
dbpedia_6645,7.1m_268,False
dbpedia_6677,7.1m_330,False
dbpedia_1050,7.1m_330,False
dbpedia_6434,7.1m_938,False
dbpedia_983,7.1m_37,False
dbpedia_4433,7.1m_1544,False
dbpedia_3213,7.1m_906,False
dbpedia_3778,7.1m_352,False
dbpedia_3422,7.1m_379,False
dbpedia_6178,7.1m_800,False
dbpedia_3935,7.1m_37,False
dbpedia_2174,7.1m_268,False
dbpedia_6103,7.1m_469,False
dbpedia_5827,7.1m_1714,False
dbpedia_6298,7.1m_1699,False
dbpedia_4604,7.1m_1160,True
dbpedia_6530,7.1m_490,False
dbpedia_5978,7.1m_1880,False
dbpedia_4393,7.1m_1998,False
dbpedia_3671,7.1m_113,False
dbpedia_3413,7.1m_1712,False
dbpedia_2478,7.1m_922,False
dbpedia_2820,7.1m_1859,False
dbpedia_698,7.1m_6,False
dbpedia_5895,7.1m_241,True
dbpedia_6662,7.1m_1778,False
dbpedia_2106,7.1m_397,False
dbpedia_233,7.1m_1126,False
dbpedia_2373,7.1m_37,False
dbpedia_3177,7.1m_360,False
dbpedia_4403,7.1m_1699,False
dbpedia_1225,7.1m_923,False
dbpedia_1836,7.1m_1320,False
dbpedia_3663,7.1m_507,False
dbpedia_3663,7.1m_1819,False
dbpedia_6450,7.1m_506,False
dbpedia_2133,7.1m_1250,False
dbpedia_5455,7.1m_1380,False
dbpedia_5609,7.1m_916,False
dbpedia_3927,7.1m_938,False
dbpedia_3303,7.1m_50,False
dbpedia_6884,7.1m_330,False
dbpedia_958,7.1m_1033,False
dbpedia_5947,7.1m_1918,False
dbpedia_1411,7.1m_676,False
dbpedia_893,7.1m_916,False
dbpedia_3688,7.1m_1880,False
dbpedia_4237,7.1m_490,False
dbpedia_1043,7.1m_1999,False
dbpedia_3,7.1m_840,False
dbpedia_5947,7.1m_268,False
dbpedia_5471,7.1m_1783,False
dbpedia_2105,7.1m_840,False
dbpedia_652,7.1m_1033,False
dbpedia_5823,7.1m_316,False
dbpedia_4261,7.1m_1880,False
dbpedia_2062,7.1m_1544,False
dbpedia_4664,7.1m_1880,False
dbpedia_1571,7.1m_304,False
dbpedia_216,7.1m_125,False
dbpedia_2487,7.1m_813,False
dbpedia_3741,7.1m_1339,False
dbpedia_1724,7.1m_293,False
dbpedia_5306,7.1m_1593,False
dbpedia_1967,7.1m_1700,False
dbpedia_2779,7.1m_769,False
dbpedia_1746,7.1m_1751,False
dbpedia_5137,7.1m_204,False
dbpedia_987,7.1m_632,False
dbpedia_2440,7.1m_938,False
dbpedia_2422,7.1m_422,False
dbpedia_5460,7.1m_1250,False
dbpedia_2628,7.1m_1972,False
dbpedia_668,7.1m_840,False
dbpedia_691,7.1m_177,False
dbpedia_534,7.1m_1972,False
dbpedia_3776,7.1m_1972,False
dbpedia_1358,7.1m_1972,False
dbpedia_277,7.1m_26,False
dbpedia_1109,7.1m_734,False
dbpedia_1411,7.1m_37,False
dbpedia_1004,7.1m_330,False
dbpedia_6114,7.1m_1267,False
dbpedia_2820,7.1m_26,False
dbpedia_2441,7.1m_1960,False
dbpedia_1619,7.1m_37,False
dbpedia_5659,7.1m_26,False
dbpedia_4146,7.1m_272,False
dbpedia_4021,7.1m_695,False
dbpedia_4041,7.1m_1700,False
dbpedia_3684,7.1m_272,False
dbpedia_1287,7.1m_1033,False
dbpedia_3981,7.1m_800,False
dbpedia_5573,7.1m_490,False
dbpedia_1359,7.1m_732,False
dbpedia_2143,7.1m_490,False
dbpedia_3,7.1m_1880,False
dbpedia_1395,7.1m_1792,False
dbpedia_5947,7.1m_800,False
dbpedia_2384,7.1m_469,False
dbpedia_6249,7.1m_469,False
dbpedia_4559,7.1m_739,False
dbpedia_262,7.1m_345,False
dbpedia_6909,7.1m_670,False
dbpedia_5710,7.1m_517,False
dbpedia_6408,7.1m_1250,False
dbpedia_3400,7.1m_844,False
dbpedia_871,7.1m_293,False
dbpedia_759,7.1m_1241,False
dbpedia_984,7.1m_128,False
dbpedia_2174,7.1m_1172,False
dbpedia_2141,7.1m_710,False
dbpedia_2071,7.1m_517,False
dbpedia_1401,7.1m_746,False
dbpedia_899,7.1m_588,False
dbpedia_6719,7.1m_130,False
dbpedia_1152,7.1m_846,False
dbpedia_921,7.1m_716,False
dbpedia_3816,7.1m_796,False
dbpedia_6362,7.1m_981,False
dbpedia_6605,7.1m_130,False
dbpedia_6240,7.1m_916,False
dbpedia_5219,7.1m_840,False
dbpedia_893,7.1m_800,False
dbpedia_5952,7.1m_1699,False
dbpedia_2689,7.1m_1699,False
dbpedia_2635,7.1m_37,False
dbpedia_2635,7.1m_1699,False
dbpedia_2993,7.1m_37,False
dbpedia_3595,7.1m_1880,False
dbpedia_2174,7.1m_1880,False
dbpedia_4929,7.1m_916,False
dbpedia_2768,7.1m_330,False
dbpedia_5674,7.1m_37,False
dbpedia_1389,7.1m_1680,False
dbpedia_4613,7.1m_1033,False
dbpedia_2231,7.1m_916,False
dbpedia_2367,7.1m_615,False
dbpedia_4559,7.1m_1348,False
dbpedia_3404,7.1m_938,False
dbpedia_714,7.1m_1960,False
dbpedia_356,7.1m_1458,False
dbpedia_2064,7.1m_168,False
dbpedia_4672,7.1m_1577,False
dbpedia_3058,7.1m_182,True
dbpedia_5251,7.1m_512,False
dbpedia_4377,7.1m_1374,False
dbpedia_1629,7.1m_452,False
dbpedia_6337,7.1m_537,False
dbpedia_4126,7.1m_1209,False
dbpedia_4995,7.1m_1897,False
dbpedia_3266,7.1m_1840,False
dbpedia_4370,7.1m_734,False
dbpedia_4998,7.1m_840,False
dbpedia_6434,7.1m_1778,False
dbpedia_1874,7.1m_388,False
dbpedia_4783,7.1m_388,False
dbpedia_2133,7.1m_422,False
dbpedia_1271,7.1m_1380,False
dbpedia_6290,7.1m_1237,False
dbpedia_2976,7.1m_268,False
dbpedia_4341,7.1m_1782,False
dbpedia_4224,7.1m_676,False
dbpedia_3690,7.1m_796,False
dbpedia_6443,7.1m_714,False
dbpedia_2079,7.1m_1835,False
dbpedia_4968,7.1m_330,False
dbpedia_6286,7.1m_923,False
dbpedia_4328,7.1m_1268,False
dbpedia_803,7.1m_507,False
dbpedia_1101,7.1m_263,False
dbpedia_3423,7.1m_467,False
dbpedia_5908,7.1m_981,False
dbpedia_6626,7.1m_1995,False
dbpedia_3810,7.1m_364,False
dbpedia_2576,7.1m_1716,False
dbpedia_866,7.1m_1177,False
dbpedia_5308,7.1m_1566,False
dbpedia_1934,7.1m_281,False
dbpedia_3563,7.1m_846,False
dbpedia_3886,7.1m_1707,False
dbpedia_863,7.1m_593,False
dbpedia_4220,7.1m_756,False
dbpedia_3765,7.1m_916,False
dbpedia_1351,7.1m_157,False
dbpedia_1090,7.1m_677,False
dbpedia_4092,7.1m_431,False
dbpedia_6418,7.1m_1254,False
dbpedia_1031,7.1m_1658,False
dbpedia_3797,7.1m_73,False
dbpedia_6365,7.1m_1648,False
dbpedia_6666,7.1m_1834,False
dbpedia_3667,7.1m_317,False
dbpedia_5840,7.1m_797,False
dbpedia_1388,7.1m_769,False
dbpedia_700,7.1m_59,False
dbpedia_6258,7.1m_1861,False
dbpedia_4928,7.1m_98,False
dbpedia_3251,7.1m_1428,False
dbpedia_1173,7.1m_68,False
dbpedia_4690,7.1m_1195,False
dbpedia_2962,7.1m_1027,False
dbpedia_1562,7.1m_910,False
dbpedia_3661,7.1m_1814,False
dbpedia_3342,7.1m_1097,False
dbpedia_779,7.1m_1944,False
dbpedia_2377,7.1m_1014,False
dbpedia_6508,7.1m_1531,False
dbpedia_2046,7.1m_1926,False
dbpedia_3626,7.1m_1516,False
dbpedia_6070,7.1m_1312,False
dbpedia_2053,7.1m_1327,False
dbpedia_1494,7.1m_165,False
dbpedia_1195,7.1m_1693,False
dbpedia_1412,7.1m_472,False
dbpedia_3445,7.1m_961,False
dbpedia_1377,7.1m_1006,False
dbpedia_94,7.1m_1301,False
dbpedia_2918,7.1m_885,False
dbpedia_5999,7.1m_616,False
dbpedia_347,7.1m_1448,False
dbpedia_3200,7.1m_1311,False
dbpedia_5880,7.1m_916,False
dbpedia_1196,7.1m_482,False
dbpedia_4290,7.1m_232,False
dbpedia_4333,7.1m_1340,False
dbpedia_4221,7.1m_1292,False
dbpedia_5733,7.1m_1345,False
dbpedia_3735,7.1m_610,False
dbpedia_3135,7.1m_1883,False
dbpedia_3245,7.1m_77,False
dbpedia_1416,7.1m_1524,False
dbpedia_4884,7.1m_461,False
dbpedia_6426,7.1m_259,False
dbpedia_5090,7.1m_1271,False
dbpedia_1687,7.1m_1204,False
dbpedia_528,7.1m_1445,False
dbpedia_3015,7.1m_1903,False
dbpedia_1547,7.1m_771,False
dbpedia_4449,7.1m_1871,False
dbpedia_4887,7.1m_795,False
dbpedia_3241,7.1m_1786,False
dbpedia_4618,7.1m_1336,False
dbpedia_2026,7.1m_109,False
dbpedia_5783,7.1m_503,False
dbpedia_6766,7.1m_1478,False
dbpedia_1396,7.1m_810,False
dbpedia_3748,7.1m_1028,False
dbpedia_5097,7.1m_828,False
dbpedia_1472,7.1m_1265,False
dbpedia_2591,7.1m_853,False
dbpedia_1359,7.1m_724,False
dbpedia_6217,7.1m_796,False
dbpedia_5677,7.1m_1626,False
dbpedia_4007,7.1m_931,False
dbpedia_5915,7.1m_949,False
dbpedia_2717,7.1m_1979,False
dbpedia_2761,7.1m_1758,False
dbpedia_5781,7.1m_449,False
dbpedia_1880,7.1m_1479,False
dbpedia_4720,7.1m_1073,False
dbpedia_4685,7.1m_1813,False
dbpedia_4358,7.1m_1069,False
dbpedia_247,7.1m_1713,False
dbpedia_2754,7.1m_47,False
dbpedia_2937,7.1m_1794,False
dbpedia_1277,7.1m_1898,False
dbpedia_5822,7.1m_444,False
dbpedia_6062,7.1m_1200,False
dbpedia_6426,7.1m_447,False
dbpedia_5273,7.1m_1314,False
dbpedia_4032,7.1m_615,False
dbpedia_1868,7.1m_1571,False
dbpedia_494,7.1m_1438,False
dbpedia_873,7.1m_470,False
dbpedia_4054,7.1m_1614,False
dbpedia_3913,7.1m_931,False
dbpedia_6191,7.1m_1146,False
dbpedia_4621,7.1m_628,False
dbpedia_1949,7.1m_8,False
dbpedia_6880,7.1m_426,False
dbpedia_3182,7.1m_97,False
dbpedia_4585,7.1m_1150,False
dbpedia_3254,7.1m_791,False
dbpedia_3968,7.1m_1164,False
dbpedia_5894,7.1m_506,False
dbpedia_1421,7.1m_1693,False
dbpedia_4214,7.1m_454,False
dbpedia_3744,7.1m_1674,False
dbpedia_6872,7.1m_1626,False
dbpedia_425,7.1m_612,False
dbpedia_212,7.1m_1442,False
dbpedia_2574,7.1m_296,False
dbpedia_2687,7.1m_1263,False
dbpedia_4923,7.1m_1786,False
dbpedia_3179,7.1m_1907,False
dbpedia_6223,7.1m_1805,False
dbpedia_6202,7.1m_479,False
dbpedia_6430,7.1m_1535,False
dbpedia_1207,7.1m_310,False
dbpedia_4397,7.1m_806,False
dbpedia_4947,7.1m_1310,False
dbpedia_6900,7.1m_1310,False
dbpedia_5034,7.1m_1195,False
dbpedia_2697,7.1m_1564,False
dbpedia_2692,7.1m_787,False
dbpedia_321,7.1m_1947,False
dbpedia_110,7.1m_1267,False
dbpedia_5618,7.1m_1217,False
dbpedia_1985,7.1m_150,False
dbpedia_3279,7.1m_1631,False
dbpedia_2334,7.1m_1452,False
dbpedia_5637,7.1m_552,False
dbpedia_2796,7.1m_1639,False
dbpedia_2686,7.1m_272,False
dbpedia_4318,7.1m_429,False
dbpedia_1887,7.1m_456,False
dbpedia_5781,7.1m_1124,False
dbpedia_212,7.1m_703,False
dbpedia_6491,7.1m_1206,False
dbpedia_1781,7.1m_449,False
dbpedia_2032,7.1m_1885,False
dbpedia_6766,7.1m_221,False
dbpedia_1815,7.1m_1116,False
dbpedia_6609,7.1m_1239,False
dbpedia_6151,7.1m_439,False
dbpedia_1757,7.1m_310,False
dbpedia_3792,7.1m_1219,False
dbpedia_4136,7.1m_1124,False
dbpedia_6284,7.1m_1608,False
dbpedia_4320,7.1m_1579,False
dbpedia_2815,7.1m_747,False
dbpedia_489,7.1m_351,False
dbpedia_2592,7.1m_1315,False
dbpedia_4198,7.1m_74,False
dbpedia_4179,7.1m_1749,False
dbpedia_6707,7.1m_459,False
dbpedia_3614,7.1m_119,False
dbpedia_916,7.1m_660,False
dbpedia_4635,7.1m_1878,False
dbpedia_3299,7.1m_816,False
dbpedia_6554,7.1m_918,False
dbpedia_2586,7.1m_1460,False
dbpedia_4042,7.1m_457,False
dbpedia_1351,7.1m_817,False
dbpedia_3691,7.1m_142,False
dbpedia_520,7.1m_1226,False
dbpedia_3296,7.1m_1196,False
dbpedia_553,7.1m_1315,False
dbpedia_5729,7.1m_471,False
dbpedia_2648,7.1m_1682,False
dbpedia_106,7.1m_560,False
dbpedia_5616,7.1m_277,False
dbpedia_4365,7.1m_908,False
dbpedia_958,7.1m_1449,False
dbpedia_2286,7.1m_499,False
dbpedia_3236,7.1m_263,False
dbpedia_5572,7.1m_926,False
dbpedia_242,7.1m_408,False
dbpedia_2039,7.1m_1495,False
dbpedia_3787,7.1m_17,False
dbpedia_6083,7.1m_14,False
dbpedia_1228,7.1m_939,False
dbpedia_3082,7.1m_150,False
dbpedia_5724,7.1m_543,False
dbpedia_1066,7.1m_1081,False
dbpedia_4009,7.1m_1416,False
dbpedia_5256,7.1m_1224,False
dbpedia_4754,7.1m_1766,False
dbpedia_4000,7.1m_157,False
dbpedia_2231,7.1m_1638,False
dbpedia_2639,7.1m_395,False
dbpedia_4425,7.1m_1834,False
dbpedia_2313,7.1m_1874,False
dbpedia_6208,7.1m_1989,False
dbpedia_1159,7.1m_47,False
dbpedia_6752,7.1m_548,False
dbpedia_6480,7.1m_1951,False
dbpedia_3541,7.1m_1325,False
dbpedia_6387,7.1m_1459,False
dbpedia_4351,7.1m_466,False
dbpedia_790,7.1m_1446,False
dbpedia_1919,7.1m_1153,False
dbpedia_4508,7.1m_1706,False
dbpedia_4770,7.1m_1480,False
dbpedia_917,7.1m_1947,False
dbpedia_4368,7.1m_178,False
dbpedia_1437,7.1m_350,False
dbpedia_3104,7.1m_1788,False
dbpedia_2437,7.1m_693,False
dbpedia_6610,7.1m_1811,False
dbpedia_1845,7.1m_744,False
dbpedia_6126,7.1m_1612,False
dbpedia_6864,7.1m_110,False
dbpedia_5206,7.1m_754,False
dbpedia_582,7.1m_251,False
dbpedia_196,7.1m_409,False
dbpedia_4012,7.1m_1977,False
dbpedia_4795,7.1m_541,False
dbpedia_4948,7.1m_425,False
dbpedia_5024,7.1m_1593,False
dbpedia_3883,7.1m_1315,False
dbpedia_668,7.1m_1422,False
dbpedia_3718,7.1m_849,False
dbpedia_2273,7.1m_1537,False
dbpedia_3782,7.1m_1983,False
dbpedia_2355,7.1m_304,False
dbpedia_1796,7.1m_500,False
dbpedia_3723,7.1m_174,False
dbpedia_100,7.1m_1958,False
dbpedia_482,7.1m_1407,False
dbpedia_1028,7.1m_595,False
dbpedia_4127,7.1m_970,False
dbpedia_1389,7.1m_528,False
dbpedia_3928,7.1m_1624,False
dbpedia_221,7.1m_1778,False
dbpedia_397,7.1m_384,False
dbpedia_4693,7.1m_135,False
dbpedia_5263,7.1m_223,False
dbpedia_3851,7.1m_1616,False
dbpedia_2828,7.1m_5,False
dbpedia_4684,7.1m_812,False
dbpedia_447,7.1m_992,False
dbpedia_1128,7.1m_785,False
dbpedia_6192,7.1m_1479,False
dbpedia_1206,7.1m_737,False
dbpedia_968,7.1m_1435,False
dbpedia_2189,7.1m_1024,False
dbpedia_4753,7.1m_351,False
dbpedia_6021,7.1m_1408,False
dbpedia_5681,7.1m_1219,False
dbpedia_474,7.1m_452,False
dbpedia_4891,7.1m_920,False
dbpedia_2876,7.1m_382,False
dbpedia_4007,7.1m_1916,False
dbpedia_6274,7.1m_1315,False
dbpedia_1475,7.1m_749,False
dbpedia_6486,7.1m_794,False
dbpedia_507,7.1m_1897,False
dbpedia_6389,7.1m_625,False
dbpedia_5303,7.1m_630,False
dbpedia_6347,7.1m_34,False
dbpedia_6211,7.1m_1597,False
dbpedia_587,7.1m_1289,False
dbpedia_1149,7.1m_211,False
dbpedia_2136,7.1m_681,False
dbpedia_4585,7.1m_411,False
dbpedia_2184,7.1m_1054,False
dbpedia_575,7.1m_1808,False
dbpedia_3460,7.1m_758,False
dbpedia_1480,7.1m_743,False
dbpedia_3193,7.1m_209,False
dbpedia_385,7.1m_1632,False
dbpedia_3394,7.1m_1901,False
dbpedia_5404,7.1m_1879,False
dbpedia_5038,7.1m_472,False
dbpedia_5615,7.1m_905,False
dbpedia_845,7.1m_25,False
dbpedia_802,7.1m_1510,False
dbpedia_5770,7.1m_251,False
dbpedia_1294,7.1m_799,False
dbpedia_4113,7.1m_891,False
dbpedia_811,7.1m_1731,False
dbpedia_1295,7.1m_214,False
dbpedia_6521,7.1m_1185,False
dbpedia_4961,7.1m_53,False
dbpedia_1,7.1m_572,False
dbpedia_5427,7.1m_1656,False
dbpedia_1656,7.1m_158,False
dbpedia_2383,7.1m_19,False
dbpedia_5155,7.1m_633,False
dbpedia_972,7.1m_478,False
dbpedia_4429,7.1m_201,False
dbpedia_2906,7.1m_1296,False
dbpedia_1022,7.1m_154,False
dbpedia_3028,7.1m_703,False
dbpedia_2929,7.1m_1322,False
dbpedia_4417,7.1m_1199,False
dbpedia_5164,7.1m_785,False
dbpedia_2594,7.1m_1858,False
dbpedia_4986,7.1m_1631,False
dbpedia_4010,7.1m_1638,False
dbpedia_5935,7.1m_186,False
dbpedia_6505,7.1m_757,False
dbpedia_3983,7.1m_1058,False
dbpedia_4219,7.1m_810,False
dbpedia_4542,7.1m_694,False
dbpedia_1365,7.1m_1269,False
dbpedia_3822,7.1m_1887,False
dbpedia_4367,7.1m_1688,False
dbpedia_1534,7.1m_383,False
dbpedia_5939,7.1m_1513,False
dbpedia_3632,7.1m_997,False
dbpedia_3855,7.1m_1526,False
dbpedia_3983,7.1m_1480,False
dbpedia_1147,7.1m_1613,False
dbpedia_2906,7.1m_1893,False
dbpedia_2123,7.1m_1947,False
dbpedia_4780,7.1m_332,False
dbpedia_3413,7.1m_442,False
dbpedia_5692,7.1m_753,False
dbpedia_6350,7.1m_1326,False
dbpedia_119,7.1m_295,False
dbpedia_4547,7.1m_1385,False
dbpedia_4016,7.1m_1856,False
dbpedia_5491,7.1m_777,False
dbpedia_4010,7.1m_92,False
dbpedia_5872,7.1m_439,False
dbpedia_5804,7.1m_154,False
dbpedia_4046,7.1m_1374,False
dbpedia_1301,7.1m_1378,False
dbpedia_1995,7.1m_400,False
dbpedia_651,7.1m_1932,False
dbpedia_319,7.1m_271,False
dbpedia_1558,7.1m_837,False
dbpedia_3970,7.1m_1055,False
dbpedia_4184,7.1m_1822,False
dbpedia_4836,7.1m_969,False
dbpedia_5763,7.1m_52,False
dbpedia_6364,7.1m_566,False
dbpedia_1714,7.1m_928,False
dbpedia_6296,7.1m_1174,False
dbpedia_4313,7.1m_1035,False
dbpedia_4940,7.1m_108,False
dbpedia_58,7.1m_354,False
dbpedia_6841,7.1m_930,False
dbpedia_1245,7.1m_855,False
dbpedia_212,7.1m_788,False
dbpedia_3494,7.1m_266,False
dbpedia_3838,7.1m_25,False
dbpedia_6574,7.1m_1170,False
dbpedia_1692,7.1m_967,False
dbpedia_1302,7.1m_1251,False
dbpedia_464,7.1m_662,False
dbpedia_1785,7.1m_1158,False
dbpedia_5692,7.1m_1950,False
dbpedia_305,7.1m_1103,False
dbpedia_6623,7.1m_186,False
dbpedia_5347,7.1m_1047,False
dbpedia_4654,7.1m_1431,False
dbpedia_6559,7.1m_788,False
dbpedia_511,7.1m_448,False
dbpedia_4474,7.1m_271,False
dbpedia_1338,7.1m_58,False
dbpedia_1729,7.1m_508,False
dbpedia_4047,7.1m_671,False
dbpedia_6455,7.1m_720,False
dbpedia_5912,7.1m_1355,False
dbpedia_3809,7.1m_1769,False
dbpedia_361,7.1m_1163,False
dbpedia_5473,7.1m_579,False
dbpedia_4303,7.1m_202,False
dbpedia_6839,7.1m_1074,False
dbpedia_985,7.1m_191,False
dbpedia_1235,7.1m_915,False
dbpedia_2987,7.1m_767,False
dbpedia_3564,7.1m_74,False
dbpedia_5963,7.1m_73,False
dbpedia_3744,7.1m_815,False
dbpedia_5140,7.1m_171,False
dbpedia_1765,7.1m_169,False
dbpedia_4966,7.1m_76,False
dbpedia_1059,7.1m_443,False
dbpedia_3778,7.1m_1327,False
dbpedia_5698,7.1m_694,False
dbpedia_3631,7.1m_354,False
dbpedia_3481,7.1m_220,False
dbpedia_4706,7.1m_1536,False
dbpedia_6076,7.1m_45,False
dbpedia_1150,7.1m_48,False
